Category,RMSE,MAE,MAPE,Bias
FOODS,2.698000588412188,1.349595526996112,63.08148356698552,-0.6133867802295127
HOBBIES,2.276953867043113,0.7884073543915301,74.2711859950692,-0.46876601374885085
HOUSEHOLD,1.4792638445139334,0.7056901670424478,69.4699541905615,-0.35872529228765915
